cookie,duration_sec,packet_count,byte_count,bytes_per_sec,packets_per_sec,avg_packet_size,switch,timestamp,collection_time,label
0x0,40.136,3,194,4.8335658760215265,0.07474586406218856,64.66666666666667,s1,2025-03-12 15:40:44,1741774244.3530998,BENIGN
0x0,40.127,25099,1355474,33779.59977072794,625.4890721957784,54.005099804773096,s1,2025-03-12 15:40:44,1741774244.3530998,ATTACK
0x0,40.126,25098,1355356,33777.50087225241,625.4797388227086,54.00255000398438,s1,2025-03-12 15:40:44,1741774244.3530998,ATTACK
0x0,40.117,13859,582502,14520.078769598924,345.4645162898522,42.03059383793924,s1,2025-03-12 15:40:44,1741774244.3530998,ATTACK
0x0,40.115,46,3288,81.96435248660102,1.1467032282188707,71.47826086956522,s1,2025-03-12 15:40:44,1741774244.3530998,BENIGN
0x0,40.1,3,238,5.935162094763092,0.07481296758104738,79.33333333333333,s1,2025-03-12 15:40:44,1741774244.3530998,BENIGN
0x0,40.099,2,140,3.491358886755281,0.049876555525075444,70.0,s1,2025-03-12 15:40:44,1741774244.3530998,BENIGN
0x0,40.087,3,238,5.937086836131414,0.07483722902686656,79.33333333333333,s1,2025-03-12 15:40:44,1741774244.3530998,BENIGN
0x0,40.086,2,140,3.4924911440403132,0.049892730629147335,70.0,s1,2025-03-12 15:40:44,1741774244.3530998,BENIGN
0x0,45.246,48,3576,79.03461079432435,1.0608672589842196,74.5,s1,2025-03-12 15:40:44,1741774244.3530998,BENIGN
0x0,40.143,25098,1355356,33763.19657225419,625.2148568866303,54.00255000398438,s2,2025-03-12 15:40:44,1741774244.3530998,ATTACK
0x0,40.137,13859,582502,14512.843510974912,345.2923736203503,42.03059383793924,s2,2025-03-12 15:40:44,1741774244.3530998,ATTACK
0x0,40.132,46,3288,81.92963221369482,1.1462174823083824,71.47826086956522,s2,2025-03-12 15:40:44,1741774244.3530998,BENIGN
0x0,40.12,3,238,5.932203389830509,0.07477567298105683,79.33333333333333,s2,2025-03-12 15:40:44,1741774244.3530998,BENIGN
0x0,40.116,2,140,3.4898793498853324,0.04985541928407618,70.0,s2,2025-03-12 15:40:44,1741774244.3530998,BENIGN
0x0,40.107,3,238,5.934126212381878,0.07479991024010771,79.33333333333333,s2,2025-03-12 15:40:44,1741774244.3530998,BENIGN
0x0,40.103,2,140,3.491010647582475,0.049871580679749644,70.0,s2,2025-03-12 15:40:44,1741774244.3530998,BENIGN
0x0,40.091,3,238,5.9364944750692175,0.07482976229078846,79.33333333333333,s2,2025-03-12 15:40:44,1741774244.3530998,BENIGN
0x0,40.089,2,140,3.4922297887200977,0.049888996981715686,70.0,s2,2025-03-12 15:40:44,1741774244.3530998,BENIGN
0x0,45.263,48,3576,79.00492676137243,1.0604688155888917,74.5,s2,2025-03-12 15:40:44,1741774244.3530998,BENIGN
0x0,45.181,3,194,4.293840331112636,0.06639959274916447,64.66666666666667,s1,2025-03-12 15:40:49,1741774249.395057,BENIGN
0x0,45.172,29388,1587256,35138.050119543084,650.5800053130258,54.01034435824146,s1,2025-03-12 15:40:49,1741774249.395057,ATTACK
0x0,45.171,29387,1587138,35136.21571362157,650.5722698191317,54.008166876510025,s1,2025-03-12 15:40:49,1741774249.395057,ATTACK
0x0,45.162,16190,680404,15065.851822328506,358.48722377219786,42.02618900555899,s1,2025-03-12 15:40:49,1741774249.395057,ATTACK
0x0,45.16,51,3638,80.55801594331267,1.129317980513729,71.33333333333333,s1,2025-03-12 15:40:49,1741774249.395057,BENIGN
0x0,45.145,3,238,5.271901650238121,0.06645254180972422,79.33333333333333,s1,2025-03-12 15:40:49,1741774249.395057,BENIGN
0x0,45.144,2,140,3.1011873117136277,0.04430267588162325,70.0,s1,2025-03-12 15:40:49,1741774249.395057,BENIGN
0x0,45.132,3,238,5.2734201896658695,0.06647168306301515,79.33333333333333,s1,2025-03-12 15:40:49,1741774249.395057,BENIGN
0x0,45.131,2,140,3.1020806097804168,0.044315437282577384,70.0,s1,2025-03-12 15:40:49,1741774249.395057,BENIGN
0x0,50.291,48,3576,71.10616213636635,0.9544451293471994,74.5,s1,2025-03-12 15:40:49,1741774249.395057,BENIGN
0x0,45.222,29387,1587138,35096.590155234175,649.8385741453275,54.008166876510025,s2,2025-03-12 15:40:49,1741774249.395057,ATTACK
0x0,45.216,16190,680404,15047.859164897382,358.0590941259731,42.02618900555899,s2,2025-03-12 15:40:49,1741774249.395057,ATTACK
0x0,45.211,51,3638,80.46714295193648,1.128044060073876,71.33333333333333,s2,2025-03-12 15:40:49,1741774249.395057,BENIGN
0x0,45.199,3,238,5.265603221310206,0.06637314984844797,79.33333333333333,s2,2025-03-12 15:40:49,1741774249.395057,BENIGN
0x0,45.195,2,140,3.097687797322713,0.0442526828188959,70.0,s2,2025-03-12 15:40:49,1741774249.395057,BENIGN
0x0,45.186,3,238,5.2671181339352895,0.06639224538573894,79.33333333333333,s2,2025-03-12 15:40:49,1741774249.395057,BENIGN
0x0,45.182,2,140,3.0985790801646673,0.04426541543092382,70.0,s2,2025-03-12 15:40:49,1741774249.395057,BENIGN
0x0,45.17,3,238,5.268983838831082,0.06641576267434138,79.33333333333333,s2,2025-03-12 15:40:49,1741774249.395057,BENIGN
0x0,45.168,2,140,3.099539496989019,0.044279135671271695,70.0,s2,2025-03-12 15:40:49,1741774249.395057,BENIGN
0x0,50.342,48,3576,71.03412657423225,0.9534782090500974,74.5,s2,2025-03-12 15:40:49,1741774249.395057,BENIGN
0x0,50.279,5,278,5.529147357743789,0.09944509636229837,55.6,s1,2025-03-12 15:40:54,1741774254.4931884,BENIGN
0x0,50.27,33467,1807522,35956.276109011334,665.7449771235329,54.00908357486479,s1,2025-03-12 15:40:54,1741774254.4931884,ATTACK
0x0,50.269,33466,1807404,35954.64401519823,665.7383277964551,54.00717145759876,s1,2025-03-12 15:40:54,1741774254.4931884,ATTACK
0x0,50.26,18473,776290,15445.48348587346,367.5487465181059,42.02295241704109,s1,2025-03-12 15:40:54,1741774254.4931884,ATTACK
0x0,50.258,56,3988,79.35055115603485,1.1142504675872498,71.21428571428571,s1,2025-03-12 15:40:54,1741774254.4931884,BENIGN
0x0,50.243,3,238,4.736978285532313,0.05970981032183587,79.33333333333333,s1,2025-03-12 15:40:54,1741774254.4931884,BENIGN
0x0,50.242,2,140,2.7865132757453925,0.03980733251064846,70.0,s1,2025-03-12 15:40:54,1741774254.4931884,BENIGN
0x0,50.23,3,238,4.73820426040215,0.05972526378658173,79.33333333333333,s1,2025-03-12 15:40:54,1741774254.4931884,BENIGN
0x0,50.229,2,140,2.7872344661450557,0.039817635230643654,70.0,s1,2025-03-12 15:40:54,1741774254.4931884,BENIGN
0x0,55.389,48,3576,64.56155554351948,0.8665980609868384,74.5,s1,2025-03-12 15:40:54,1741774254.4931884,BENIGN
0x0,50.319,33466,1807404,35918.917307577656,665.076809952503,54.00717145759876,s2,2025-03-12 15:40:54,1741774254.4931884,ATTACK
0x0,50.313,18473,776290,15429.21312583229,367.1615685806849,42.02295241704109,s2,2025-03-12 15:40:54,1741774254.4931884,ATTACK
0x0,50.308,56,3988,79.27168641170391,1.1131430388804961,71.21428571428571,s2,2025-03-12 15:40:54,1741774254.4931884,BENIGN
0x0,50.296,3,238,4.731986639096548,0.059646890408780025,79.33333333333333,s2,2025-03-12 15:40:54,1741774254.4931884,BENIGN
0x0,50.292,2,140,2.783742941223256,0.03976775630318937,70.0,s2,2025-03-12 15:40:54,1741774254.4931884,BENIGN
0x0,50.283,3,238,4.733210031223276,0.059662311317940454,79.33333333333333,s2,2025-03-12 15:40:54,1741774254.4931884,BENIGN
0x0,50.279,2,140,2.7844626981443543,0.03977803854491935,70.0,s2,2025-03-12 15:40:54,1741774254.4931884,BENIGN
0x0,50.267,3,238,4.734716613285057,0.059681301848130974,79.33333333333333,s2,2025-03-12 15:40:54,1741774254.4931884,BENIGN
0x0,50.265,2,140,2.785238237342087,0.03978911767631553,70.0,s2,2025-03-12 15:40:54,1741774254.4931884,BENIGN
0x0,55.439,48,3576,64.50332798210646,0.8658164829812948,74.5,s2,2025-03-12 15:40:54,1741774254.4931884,BENIGN
0x0,55.38,5,278,5.01986276634164,0.09028530155290718,55.6,s1,2025-03-12 15:40:59,1741774259.5952525,BENIGN
0x0,55.371,37736,2038048,36807.137310144295,681.5119828068845,54.00805596777613,s1,2025-03-12 15:40:59,1741774259.5952525,ATTACK
0x0,55.37,37735,2037930,36805.67094094275,681.5062308109085,54.00636014310322,s1,2025-03-12 15:40:59,1741774259.5952525,ATTACK
0x0,55.361,20801,874066,15788.47925434873,375.73381983706946,42.02038363540215,s1,2025-03-12 15:40:59,1741774259.5952525,ATTACK
0x0,55.359,61,4338,78.36124207445944,1.1018985169529796,71.11475409836065,s1,2025-03-12 15:40:59,1741774259.5952525,BENIGN
0x0,55.344,3,238,4.300375831165076,0.05420641803989592,79.33333333333333,s1,2025-03-12 15:40:59,1741774259.5952525,BENIGN
0x0,55.343,2,140,2.529678550132808,0.036138265001897256,70.0,s1,2025-03-12 15:40:59,1741774259.5952525,BENIGN
0x0,55.331,3,238,4.301386203032658,0.05421915381973939,79.33333333333333,s1,2025-03-12 15:40:59,1741774259.5952525,BENIGN
0x0,55.33,2,140,2.5302729080065065,0.036146755828664376,70.0,s1,2025-03-12 15:40:59,1741774259.5952525,BENIGN
0x0,60.49,50,3716,61.43164159365184,0.8265829062654984,74.32,s1,2025-03-12 15:40:59,1741774259.5952525,BENIGN
0x0,55.383,37735,2037930,36797.03158008775,681.3462614881822,54.00636014310322,s2,2025-03-12 15:40:59,1741774259.5952525,ATTACK
0x0,55.377,20801,874066,15783.917510879968,375.62525958430393,42.02038363540215,s2,2025-03-12 15:40:59,1741774259.5952525,ATTACK
0x0,55.372,61,4338,78.34284475908402,1.101639817958535,71.11475409836065,s2,2025-03-12 15:40:59,1741774259.5952525,BENIGN
0x0,55.36,3,238,4.2991329479768785,0.054190751445086706,79.33333333333333,s2,2025-03-12 15:40:59,1741774259.5952525,BENIGN
0x0,55.356,2,140,2.529084471421345,0.036129778163162075,70.0,s2,2025-03-12 15:40:59,1741774259.5952525,BENIGN
0x0,55.347,3,238,4.300142735830307,0.054203479863407227,79.33333333333333,s2,2025-03-12 15:40:59,1741774259.5952525,BENIGN
0x0,55.343,2,140,2.529678550132808,0.036138265001897256,70.0,s2,2025-03-12 15:40:59,1741774259.5952525,BENIGN
0x0,55.331,3,238,4.301386203032658,0.05421915381973939,79.33333333333333,s2,2025-03-12 15:40:59,1741774259.5952525,BENIGN
0x0,55.329,2,140,2.53031863941152,0.03614740913445029,70.0,s2,2025-03-12 15:40:59,1741774259.5952525,BENIGN
0x0,60.503,50,3716,61.41844206072426,0.8264053022164191,74.32,s2,2025-03-12 15:40:59,1741774259.5952525,BENIGN
0x0,60.419,5,278,4.601201608765455,0.08275542461808372,55.6,s1,2025-03-12 15:41:04,1741774264.633268,BENIGN
0x0,60.41,41831,2259166,37397.219003476246,692.4515808640954,54.00698046903015,s1,2025-03-12 15:41:04,1741774264.633268,ATTACK
0x0,60.409,41830,2259048,37395.884719164365,692.4464897614594,54.00545063351662,s1,2025-03-12 15:41:04,1741774264.633268,ATTACK
0x0,60.4,23089,970162,16062.28476821192,382.26821192052984,42.01836372298497,s1,2025-03-12 15:41:04,1741774264.633268,ATTACK
0x0,60.398,66,4688,77.61846418755587,1.0927514156097884,71.03030303030303,s1,2025-03-12 15:41:04,1741774264.633268,BENIGN
0x0,60.383,3,238,3.9415067154662733,0.04968285775797824,79.33333333333333,s1,2025-03-12 15:41:04,1741774264.633268,BENIGN
0x0,60.382,2,140,2.3185717597959656,0.03312245371137094,70.0,s1,2025-03-12 15:41:04,1741774264.633268,BENIGN
0x0,60.37,3,238,3.9423554745734637,0.04969355640218652,79.33333333333333,s1,2025-03-12 15:41:04,1741774264.633268,BENIGN
0x0,60.369,2,140,2.3190710463979856,0.03312958637711408,70.0,s1,2025-03-12 15:41:04,1741774264.633268,BENIGN
0x0,65.529,52,3856,58.84417586106915,0.7935417906575715,74.15384615384616,s1,2025-03-12 15:41:04,1741774264.633268,BENIGN
0x0,60.462,41830,2259048,37363.104098441996,691.8395024974363,54.00545063351662,s2,2025-03-12 15:41:04,1741774264.633268,ATTACK
0x0,60.456,23089,970162,16047.406378192403,381.9141193595342,42.01836372298497,s2,2025-03-12 15:41:04,1741774264.633268,ATTACK
0x0,60.451,66,4688,77.5504127309722,1.0917933532944037,71.03030303030303,s2,2025-03-12 15:41:04,1741774264.633268,BENIGN
0x0,60.439,3,238,3.9378546964708216,0.04963682390509439,79.33333333333333,s2,2025-03-12 15:41:04,1741774264.633268,BENIGN
0x0,60.435,2,140,2.3165384297178786,0.03309340613882684,70.0,s2,2025-03-12 15:41:04,1741774264.633268,BENIGN
0x0,60.426,3,238,3.9387018832952703,0.04964750273061265,79.33333333333333,s2,2025-03-12 15:41:04,1741774264.633268,BENIGN
0x0,60.422,2,140,2.31703684088577,0.03310052629836815,70.0,s2,2025-03-12 15:41:04,1741774264.633268,BENIGN
0x0,60.41,3,238,3.939745075318656,0.04966065220989903,79.33333333333333,s2,2025-03-12 15:41:04,1741774264.633268,BENIGN
0x0,60.408,2,140,2.317573831280625,0.033108197589723214,70.0,s2,2025-03-12 15:41:04,1741774264.633268,BENIGN
0x0,65.582,52,3856,58.79662102406149,0.792900490988381,74.15384615384616,s2,2025-03-12 15:41:04,1741774264.633268,BENIGN
0x0,65.515,5,278,4.243303060367855,0.07631840036632832,55.6,s1,2025-03-12 15:41:09,1741774269.7307923,BENIGN
0x0,65.506,46105,2489950,38011.021891124474,703.8286569169236,54.00607309402451,s1,2025-03-12 15:41:09,1741774269.7307923,ATTACK
0x0,65.505,46104,2489832,38009.800778566525,703.8241355621709,54.004685059864656,s1,2025-03-12 15:41:09,1741774269.7307923,ATTACK
0x0,65.496,25416,1067896,16304.751435202152,388.05423231953097,42.01668240478439,s1,2025-03-12 15:41:09,1741774269.7307923,ATTACK
0x0,65.494,72,5080,77.56435704033957,1.0993373438788285,70.55555555555556,s1,2025-03-12 15:41:09,1741774269.7307923,BENIGN
0x0,65.479,3,238,3.6347531269567344,0.04581621588600925,79.33333333333333,s1,2025-03-12 15:41:09,1741774269.7307923,BENIGN
0x0,65.478,2,140,2.1381227282446016,0.030544610403494307,70.0,s1,2025-03-12 15:41:09,1741774269.7307923,BENIGN
0x0,65.466,3,238,3.635474903003086,0.04582531390340024,79.33333333333333,s1,2025-03-12 15:41:09,1741774269.7307923,BENIGN
0x0,65.465,2,140,2.1385473153593524,0.030550675933705033,70.0,s1,2025-03-12 15:41:09,1741774269.7307923,BENIGN
0x0,70.625,52,3856,54.598230088495576,0.736283185840708,74.15384615384616,s1,2025-03-12 15:41:09,1741774269.7307923,BENIGN
0x0,65.52,46104,2489832,38001.09890109891,703.6630036630037,54.004685059864656,s2,2025-03-12 15:41:09,1741774269.7307923,ATTACK
0x0,65.514,25416,1067896,16300.271697652412,387.9476142503893,42.01668240478439,s2,2025-03-12 15:41:09,1741774269.7307923,ATTACK
0x0,65.509,72,5080,77.54659665084186,1.0990856218229557,70.55555555555556,s2,2025-03-12 15:41:09,1741774269.7307923,BENIGN
0x0,65.497,3,238,3.633754217750431,0.04580362459349283,79.33333333333333,s2,2025-03-12 15:41:09,1741774269.7307923,BENIGN
0x0,65.493,2,140,2.1376330294840673,0.030537614706915246,70.0,s2,2025-03-12 15:41:09,1741774269.7307923,BENIGN
0x0,65.484,3,238,3.6344755970924196,0.04581271761040865,79.33333333333333,s2,2025-03-12 15:41:09,1741774269.7307923,BENIGN
0x0,65.48,2,140,2.138057422113622,0.030543677458766034,70.0,s2,2025-03-12 15:41:09,1741774269.7307923,BENIGN
0x0,65.468,3,238,3.635363841876947,0.04582391397323883,79.33333333333333,s2,2025-03-12 15:41:09,1741774269.7307923,BENIGN
0x0,65.466,2,140,2.138514648825345,0.030550209268933495,70.0,s2,2025-03-12 15:41:09,1741774269.7307923,BENIGN
0x0,70.64,52,3856,54.586636466591166,0.7361268403171007,74.15384615384616,s2,2025-03-12 15:41:09,1741774269.7307923,BENIGN
0x0,70.558,5,278,3.9400209756512368,0.07086368661243232,55.6,s1,2025-03-12 15:41:14,1741774274.7732868,BENIGN
0x0,70.549,50208,2711512,38434.44981502218,711.6755730059957,54.00557680050988,s1,2025-03-12 15:41:14,1741774274.7732868,ATTACK
0x0,70.548,50207,2711394,38433.321993536316,711.6714860803992,54.0043021889378,s1,2025-03-12 15:41:14,1741774274.7732868,ATTACK
0x0,70.539,27706,1164076,16502.587221253492,392.77562766696434,42.01530354435862,s1,2025-03-12 15:41:14,1741774274.7732868,ATTACK
0x0,70.537,78,5472,77.57630746983851,1.105802628407786,70.15384615384616,s1,2025-03-12 15:41:14,1741774274.7732868,BENIGN
0x0,70.522,3,238,3.3748333853265646,0.042539916621763416,79.33333333333333,s1,2025-03-12 15:41:14,1741774274.7732868,BENIGN
0x0,70.521,2,140,1.9852242594404503,0.028360346563435005,70.0,s1,2025-03-12 15:41:14,1741774274.7732868,BENIGN
0x0,70.509,3,238,3.3754556155951723,0.042547759860443346,79.33333333333333,s1,2025-03-12 15:41:14,1741774274.7732868,BENIGN
0x0,70.508,2,140,1.985590287626936,0.02836557553752766,70.0,s1,2025-03-12 15:41:14,1741774274.7732868,BENIGN
0x0,75.668,52,3856,50.95945445895226,0.687212560131099,74.15384615384616,s1,2025-03-12 15:41:14,1741774274.7732868,BENIGN
0x0,70.564,50207,2711394,38424.60744855734,711.5101184740095,54.0043021889378,s2,2025-03-12 15:41:14,1741774274.7732868,ATTACK
0x0,70.558,27706,1164076,16498.14337141075,392.66986025680995,42.01530354435862,s2,2025-03-12 15:41:14,1741774274.7732868,ATTACK
0x0,70.553,78,5472,77.55871472510029,1.105551854634105,70.15384615384616,s2,2025-03-12 15:41:14,1741774274.7732868,BENIGN
0x0,70.541,3,238,3.3739243844005617,0.04252845862689784,79.33333333333333,s2,2025-03-12 15:41:14,1741774274.7732868,BENIGN
0x0,70.537,2,140,1.984773948424231,0.028353913548917586,70.0,s2,2025-03-12 15:41:14,1741774274.7732868,BENIGN
0x0,70.528,3,238,3.374546279491833,0.04253629764065336,79.33333333333333,s2,2025-03-12 15:41:14,1741774274.7732868,BENIGN
0x0,70.524,2,140,1.9851398105609437,0.028359140150870626,70.0,s2,2025-03-12 15:41:14,1741774274.7732868,BENIGN
0x0,70.512,3,238,3.3753120036305875,0.042545949625595644,79.33333333333333,s2,2025-03-12 15:41:14,1741774274.7732868,BENIGN
0x0,70.51,2,140,1.985533966813218,0.028364770954474542,70.0,s2,2025-03-12 15:41:14,1741774274.7732868,BENIGN
0x0,75.684,52,3856,50.94868135933619,0.6870672797420856,74.15384615384616,s2,2025-03-12 15:41:14,1741774274.7732868,BENIGN
0x0,75.6,5,278,3.6772486772486777,0.06613756613756615,55.6,s1,2025-03-12 15:41:19,1741774279.8151639,BENIGN
0x0,75.591,54488,2942632,38928.338029659615,720.8265534256724,54.00513874614594,s1,2025-03-12 15:41:19,1741774279.8151639,ATTACK
0x0,75.59,54487,2942514,38927.29196983728,720.8228601666887,54.003964248352816,s1,2025-03-12 15:41:19,1741774279.8151639,ATTACK
0x0,75.581,30035,1261894,16695.915640174117,397.388232492293,42.01411686365906,s1,2025-03-12 15:41:19,1741774279.8151639,ATTACK
0x0,75.579,83,5822,77.03197978274389,1.0981886502864553,70.144578313253,s1,2025-03-12 15:41:19,1741774279.8151639,BENIGN
0x0,75.564,3,238,3.1496479805198248,0.03970144513260283,79.33333333333333,s1,2025-03-12 15:41:19,1741774279.8151639,BENIGN
0x0,75.563,2,140,1.8527586252531,0.02646798036075857,70.0,s1,2025-03-12 15:41:19,1741774279.8151639,BENIGN
0x0,75.551,3,238,3.1501899379227276,0.039708276528437746,79.33333333333333,s1,2025-03-12 15:41:19,1741774279.8151639,BENIGN
0x0,75.55,2,140,1.8530774321641297,0.026472534745201854,70.0,s1,2025-03-12 15:41:19,1741774279.8151639,BENIGN
0x0,80.71,52,3856,47.77598810556313,0.6442819972741916,74.15384615384616,s1,2025-03-12 15:41:19,1741774279.8151639,BENIGN
0x0,75.603,54487,2942514,38920.59838895282,720.6989140642568,54.003964248352816,s2,2025-03-12 15:41:19,1741774279.8151639,ATTACK
0x0,75.597,30035,1261894,16692.38197282961,397.30412582509894,42.01411686365906,s2,2025-03-12 15:41:19,1741774279.8151639,ATTACK
0x0,75.592,83,5822,77.0187321409673,1.0979997883373902,70.144578313253,s2,2025-03-12 15:41:19,1741774279.8151639,BENIGN
0x0,75.58,3,238,3.1489812119608365,0.039693040486901296,79.33333333333333,s2,2025-03-12 15:41:19,1741774279.8151639,BENIGN
0x0,75.576,2,140,1.8524399280194772,0.02646342754313539,70.0,s2,2025-03-12 15:41:19,1741774279.8151639,BENIGN
0x0,75.567,3,238,3.149522939907632,0.03969986899043233,79.33333333333333,s2,2025-03-12 15:41:19,1741774279.8151639,BENIGN
0x0,75.563,2,140,1.8527586252531,0.02646798036075857,70.0,s2,2025-03-12 15:41:19,1741774279.8151639,BENIGN
0x0,75.551,3,238,3.1501899379227276,0.039708276528437746,79.33333333333333,s2,2025-03-12 15:41:19,1741774279.8151639,BENIGN
0x0,75.549,2,140,1.853101960317145,0.026472885147387784,70.0,s2,2025-03-12 15:41:19,1741774279.8151639,BENIGN
0x0,80.723,52,3856,47.76829404259009,0.6441782391635593,74.15384615384616,s2,2025-03-12 15:41:19,1741774279.8151639,BENIGN
0x0,80.638,5,278,3.4475061385451027,0.0620055060889407,55.6,s1,2025-03-12 15:41:24,1741774284.8528411,BENIGN
0x0,80.629,58599,3164626,39249.22794528023,726.7732453583698,54.004778238536495,s1,2025-03-12 15:41:24,1741774284.8528411,ATTACK
0x0,80.628,58598,3164508,39248.25122786129,726.7698566254899,54.00368613263252,s1,2025-03-12 15:41:24,1741774284.8528411,ATTACK
0x0,80.619,32325,1358074,16845.58230690036,400.9600714471775,42.01311678267595,s1,2025-03-12 15:41:24,1741774284.8528411,ATTACK
0x0,80.617,88,6172,76.55953458947864,1.0915811801481077,70.13636363636364,s1,2025-03-12 15:41:24,1741774284.8528411,BENIGN
0x0,80.602,3,238,2.9527803280315625,0.03721992010123818,79.33333333333333,s1,2025-03-12 15:41:24,1741774284.8528411,BENIGN
0x0,80.601,2,140,1.736951154452178,0.0248135879207454,70.0,s1,2025-03-12 15:41:24,1741774284.8528411,BENIGN
0x0,80.589,3,238,2.953256647929618,0.03722592413356662,79.33333333333333,s1,2025-03-12 15:41:24,1741774284.8528411,BENIGN
0x0,80.588,2,140,1.737231349580583,0.024817590708294042,70.0,s1,2025-03-12 15:41:24,1741774284.8528411,BENIGN
0x0,85.748,52,3856,44.968978868311794,0.6064281382656155,74.15384615384616,s1,2025-03-12 15:41:24,1741774284.8528411,BENIGN
0x0,80.644,58598,3164508,39240.46426268538,726.625663409553,54.00368613263252,s2,2025-03-12 15:41:24,1741774284.8528411,ATTACK
0x0,80.638,32325,1358074,16841.613135246407,400.8655968650016,42.01311678267595,s2,2025-03-12 15:41:24,1741774284.8528411,ATTACK
0x0,80.633,88,6172,76.54434288690734,1.091364577778329,70.13636363636364,s2,2025-03-12 15:41:24,1741774284.8528411,BENIGN
0x0,80.621,3,238,2.9520844444995724,0.03721114846007864,79.33333333333333,s2,2025-03-12 15:41:24,1741774284.8528411,BENIGN
0x0,80.617,2,140,1.7366064229628986,0.024808663185184265,70.0,s2,2025-03-12 15:41:24,1741774284.8528411,BENIGN
0x0,80.608,3,238,2.9525605398967842,0.03721714966256451,79.33333333333333,s2,2025-03-12 15:41:24,1741774284.8528411,BENIGN
0x0,80.604,2,140,1.736886506873108,0.024812664383901544,70.0,s2,2025-03-12 15:41:24,1741774284.8528411,BENIGN
0x0,80.592,3,238,2.9531467143140757,0.037224538415723644,79.33333333333333,s2,2025-03-12 15:41:24,1741774284.8528411,BENIGN
0x0,80.59,2,140,1.7371882367539395,0.024816974810770567,70.0,s2,2025-03-12 15:41:24,1741774284.8528411,BENIGN
0x0,85.764,52,3856,44.96058952474232,0.6063150039643673,74.15384615384616,s2,2025-03-12 15:41:24,1741774284.8528411,BENIGN
0x0,85.681,5,278,3.244593317071463,0.05835599491135725,55.6,s1,2025-03-12 15:41:29,1741774289.8960686,BENIGN
0x0,85.672,62873,3395422,39632.80885236717,733.880380987954,54.00445342197764,s1,2025-03-12 15:41:29,1741774289.8960686,ATTACK
0x0,85.671,62872,3395304,39631.89410652379,733.8772746903852,54.003435551596894,s1,2025-03-12 15:41:29,1741774289.8960686,ATTACK
0x0,85.662,34655,1455934,16996.264387943313,404.5551119516238,42.01223488674073,s1,2025-03-12 15:41:29,1741774289.8960686,ATTACK
0x0,85.66,93,6522,76.13822087321971,1.085687602148027,70.12903225806451,s1,2025-03-12 15:41:29,1741774289.8960686,BENIGN
0x0,85.645,3,238,2.778912954638333,0.0350283145542647,79.33333333333333,s1,2025-03-12 15:41:29,1741774289.8960686,BENIGN
0x0,85.644,2,140,1.6346737658213066,0.02335248236887581,70.0,s1,2025-03-12 15:41:29,1741774289.8960686,BENIGN
0x0,85.632,3,238,2.779334828101644,0.03503363228699551,79.33333333333333,s1,2025-03-12 15:41:29,1741774289.8960686,BENIGN
0x0,85.631,2,140,1.6349219324777242,0.02335602760682463,70.0,s1,2025-03-12 15:41:29,1741774289.8960686,BENIGN
0x0,90.791,52,3856,42.471170049894816,0.572743994448789,74.15384615384616,s1,2025-03-12 15:41:29,1741774289.8960686,BENIGN
0x0,85.685,62872,3395304,39625.418684717275,733.757367100426,54.003435551596894,s2,2025-03-12 15:41:29,1741774289.8960686,ATTACK
0x0,85.679,34655,1455934,16992.892073903757,404.474842143349,42.01223488674073,s2,2025-03-12 15:41:29,1741774289.8960686,ATTACK
0x0,85.674,93,6522,76.1257791161846,1.0855101897892008,70.12903225806451,s2,2025-03-12 15:41:29,1741774289.8960686,BENIGN
0x0,85.662,3,238,2.778361467161635,0.03502136303144918,79.33333333333333,s2,2025-03-12 15:41:29,1741774289.8960686,BENIGN
0x0,85.658,2,140,1.6344065936631722,0.0233486656237596,70.0,s2,2025-03-12 15:41:29,1741774289.8960686,BENIGN
0x0,85.649,3,238,2.778783173183575,0.03502667865357447,79.33333333333333,s2,2025-03-12 15:41:29,1741774289.8960686,BENIGN
0x0,85.645,2,140,1.6346546791990193,0.023352209702843133,70.0,s2,2025-03-12 15:41:29,1741774289.8960686,BENIGN
0x0,85.633,3,238,2.779302371749209,0.035033223173309355,79.33333333333333,s2,2025-03-12 15:41:29,1741774289.8960686,BENIGN
0x0,85.631,2,140,1.6349219324777242,0.02335602760682463,70.0,s2,2025-03-12 15:41:29,1741774289.8960686,BENIGN
0x0,90.805,52,3856,42.464621992181044,0.5726556907659269,74.15384615384616,s2,2025-03-12 15:41:29,1741774289.8960686,BENIGN
0x0,90.722,5,278,3.064306342452768,0.055113423425409494,55.6,s1,2025-03-12 15:41:34,1741774294.936172,BENIGN
0x0,90.713,67371,3638314,40107.96688457002,742.6829671601645,54.00415609089965,s1,2025-03-12 15:41:34,1741774294.936172,ATTACK
0x0,90.712,67370,3638196,40107.10821060058,742.6801305229737,54.00320617485528,s1,2025-03-12 15:41:34,1741774294.936172,ATTACK
0x0,90.703,37170,1561564,17216.23320066591,409.79901436556673,42.01140704869518,s1,2025-03-12 15:41:34,1741774294.936172,ATTACK
0x0,90.701,98,6872,75.76542706254618,1.0804732031620379,70.12244897959184,s1,2025-03-12 15:41:34,1741774294.936172,BENIGN
0x0,90.686,3,238,2.624440376684383,0.03308118121871071,79.33333333333333,s1,2025-03-12 15:41:34,1741774294.936172,BENIGN
0x0,90.685,2,140,1.5438054805094559,0.02205436400727794,70.0,s1,2025-03-12 15:41:34,1741774294.936172,BENIGN
0x0,90.673,3,238,2.62481664883703,0.033085924145004574,79.33333333333333,s1,2025-03-12 15:41:34,1741774294.936172,BENIGN
0x0,90.672,2,140,1.54402682195165,0.022057526027880713,70.0,s1,2025-03-12 15:41:34,1741774294.936172,BENIGN
0x0,95.832,52,3856,40.23708155939561,0.5426162450955839,74.15384615384616,s1,2025-03-12 15:41:34,1741774294.936172,BENIGN
0x0,90.763,67370,3638196,40084.57190705463,742.2628163458678,54.00320617485528,s2,2025-03-12 15:41:34,1741774294.936172,ATTACK
0x0,90.757,37170,1561564,17205.989620635322,409.55518582588667,42.01140704869518,s2,2025-03-12 15:41:34,1741774294.936172,ATTACK
0x0,90.752,98,6872,75.7228490832158,1.0798660084626235,70.12244897959184,s2,2025-03-12 15:41:34,1741774294.936172,BENIGN
0x0,90.74,3,238,2.622878554110646,0.033061494379545954,79.33333333333333,s2,2025-03-12 15:41:34,1741774294.936172,BENIGN
0x0,90.736,2,140,1.542937753482631,0.022041967906894725,70.0,s2,2025-03-12 15:41:34,1741774294.936172,BENIGN
0x0,90.727,3,238,2.623254378520176,0.033066231662019024,79.33333333333333,s2,2025-03-12 15:41:34,1741774294.936172,BENIGN
0x0,90.723,2,140,1.5431588461580856,0.022045126373686937,70.0,s2,2025-03-12 15:41:34,1741774294.936172,BENIGN
0x0,90.711,3,238,2.623717079516266,0.03307206402751596,79.33333333333333,s2,2025-03-12 15:41:34,1741774294.936172,BENIGN
0x0,90.709,2,140,1.5433970168340516,0.022048528811915023,70.0,s2,2025-03-12 15:41:34,1741774294.936172,BENIGN
0x0,95.883,52,3856,40.21567952608909,0.5423276284638571,74.15384615384616,s2,2025-03-12 15:41:34,1741774294.936172,BENIGN
0x0,95.812,5,278,2.901515467791091,0.052185529996242645,55.6,s1,2025-03-12 15:41:40,1741774300.0320237,BENIGN
0x0,95.803,71673,3870610,40401.76194899951,748.1289729966703,54.0037392044424,s1,2025-03-12 15:41:40,1741774300.0320237,ATTACK
0x0,95.802,71672,3870492,40400.95196342456,748.1263439176635,54.002846299810244,s1,2025-03-12 15:41:40,1741774300.0320237,ATTACK
0x0,95.793,39508,1659760,17326.52699048991,412.4309709477728,42.01073200364483,s1,2025-03-12 15:41:40,1741774300.0320237,ATTACK
0x0,95.791,104,7264,75.83175872472361,1.0856969861469241,69.84615384615384,s1,2025-03-12 15:41:40,1741774300.0320237,BENIGN
0x0,95.776,3,238,2.484964918142332,0.03132308720347478,79.33333333333333,s1,2025-03-12 15:41:40,1741774300.0320237,BENIGN
0x0,95.775,2,140,1.4617593317671624,0.020882276168102322,70.0,s1,2025-03-12 15:41:40,1741774300.0320237,BENIGN
0x0,95.763,3,238,2.485302256612679,0.031327339369067383,79.33333333333333,s1,2025-03-12 15:41:40,1741774300.0320237,BENIGN
0x0,95.762,2,140,1.461957770305549,0.02088511100436499,70.0,s1,2025-03-12 15:41:40,1741774300.0320237,BENIGN
0x0,100.922,52,3856,38.20772477755098,0.5152494005271397,74.15384615384616,s1,2025-03-12 15:41:40,1741774300.0320237,BENIGN
0x0,95.815,71672,3870492,40395.470437822885,748.0248395345196,54.002846299810244,s2,2025-03-12 15:41:40,1741774300.0320237,ATTACK
0x0,95.809,39508,1659760,17323.633479109478,412.36209541901076,42.01073200364483,s2,2025-03-12 15:41:40,1741774300.0320237,ATTACK
0x0,95.804,104,7264,75.82146883219907,1.0855496638971234,69.84615384615384,s2,2025-03-12 15:41:40,1741774300.0320237,BENIGN
0x0,95.792,3,238,2.4845498580257224,0.03131785535326541,79.33333333333333,s2,2025-03-12 15:41:40,1741774300.0320237,BENIGN
0x0,95.788,2,140,1.4615609470914939,0.020879442101307055,70.0,s2,2025-03-12 15:41:40,1741774300.0320237,BENIGN
0x0,95.779,3,238,2.484887083807515,0.03132210609841406,79.33333333333333,s2,2025-03-12 15:41:40,1741774300.0320237,BENIGN
0x0,95.775,2,140,1.4617593317671624,0.020882276168102322,70.0,s2,2025-03-12 15:41:40,1741774300.0320237,BENIGN
0x0,95.763,3,238,2.485302256612679,0.031327339369067383,79.33333333333333,s2,2025-03-12 15:41:40,1741774300.0320237,BENIGN
0x0,95.761,2,140,1.4619730370401312,0.020885329100573304,70.0,s2,2025-03-12 15:41:40,1741774300.0320237,BENIGN
0x0,100.935,52,3856,38.20280378461386,0.515183038589191,74.15384615384616,s2,2025-03-12 15:41:40,1741774300.0320237,BENIGN
